Ref,Val,Package,PosX,PosY,Rot,Side
"C1","1uF","C_0402_1005Metric",234.370000,-30.460000,90.000000,bottom
"C2","1uF","C_0402_1005Metric",231.340000,-29.270000,-90.000000,bottom
"C3_1","0.1uF","C_0402_1005Metric",49.300000,-68.640000,180.000000,bottom
"C3_2","0.1uF","C_0402_1005Metric",49.300000,-119.140000,180.000000,bottom
"C3_3","0.1uF","C_0402_1005Metric",49.300000,-169.640000,180.000000,bottom
"C3_4","0.1uF","C_0402_1005Metric",74.300000,-93.640000,180.000000,bottom
"C3_5","0.1uF","C_0402_1005Metric",74.300000,-144.140000,180.000000,bottom
"C3_6","0.1uF","C_0402_1005Metric",99.800000,-68.640000,180.000000,bottom
"C3_7","0.1uF","C_0402_1005Metric",99.800000,-119.140000,180.000000,bottom
"C3_8","0.1uF","C_0402_1005Metric",99.800000,-169.640000,180.000000,bottom
"C3_9","0.1uF","C_0402_1005Metric",124.800000,-93.640000,180.000000,bottom
"C3_10","0.1uF","C_0402_1005Metric",124.800000,-144.140000,180.000000,bottom
"C3_11","0.1uF","C_0402_1005Metric",150.300000,-68.640000,180.000000,bottom
"C3_12","0.1uF","C_0402_1005Metric",150.300000,-119.140000,180.000000,bottom
"C3_13","0.1uF","C_0402_1005Metric",150.300000,-169.640000,180.000000,bottom
"C3_14","0.1uF","C_0402_1005Metric",175.300000,-93.640000,180.000000,bottom
"C3_15","0.1uF","C_0402_1005Metric",175.300000,-144.140000,180.000000,bottom
"C3_16","0.1uF","C_0402_1005Metric",200.800000,-68.640000,180.000000,bottom
"C3_17","0.1uF","C_0402_1005Metric",200.800000,-119.140000,180.000000,bottom
"C3_18","0.1uF","C_0402_1005Metric",200.800000,-169.640000,180.000000,bottom
"C3_19","0.1uF","C_0402_1005Metric",225.800000,-93.640000,180.000000,bottom
"C3_20","0.1uF","C_0402_1005Metric",225.800000,-144.140000,180.000000,bottom
"C4_1","0.1uF","C_0402_1005Metric",41.700000,-67.140000,-90.000000,bottom
"C4_2","0.1uF","C_0402_1005Metric",41.700000,-117.640000,-90.000000,bottom
"C4_3","0.1uF","C_0402_1005Metric",41.700000,-168.140000,-90.000000,bottom
"C4_4","0.1uF","C_0402_1005Metric",66.700000,-92.140000,-90.000000,bottom
"C4_5","0.1uF","C_0402_1005Metric",66.700000,-142.640000,-90.000000,bottom
"C4_6","0.1uF","C_0402_1005Metric",92.200000,-67.140000,-90.000000,bottom
"C4_7","0.1uF","C_0402_1005Metric",92.200000,-117.640000,-90.000000,bottom
"C4_8","0.1uF","C_0402_1005Metric",92.200000,-168.140000,-90.000000,bottom
"C4_9","0.1uF","C_0402_1005Metric",117.200000,-92.140000,-90.000000,bottom
"C4_10","0.1uF","C_0402_1005Metric",117.200000,-142.640000,-90.000000,bottom
"C4_11","0.1uF","C_0402_1005Metric",142.700000,-67.140000,-90.000000,bottom
"C4_12","0.1uF","C_0402_1005Metric",142.700000,-117.640000,-90.000000,bottom
"C4_13","0.1uF","C_0402_1005Metric",142.700000,-168.140000,-90.000000,bottom
"C4_14","0.1uF","C_0402_1005Metric",167.700000,-92.140000,-90.000000,bottom
"C4_15","0.1uF","C_0402_1005Metric",167.700000,-142.640000,-90.000000,bottom
"C4_16","0.1uF","C_0402_1005Metric",193.200000,-67.140000,-90.000000,bottom
"C4_17","0.1uF","C_0402_1005Metric",193.200000,-117.640000,-90.000000,bottom
"C4_18","0.1uF","C_0402_1005Metric",193.200000,-168.140000,-90.000000,bottom
"C4_19","0.1uF","C_0402_1005Metric",218.200000,-92.140000,-90.000000,bottom
"C4_20","0.1uF","C_0402_1005Metric",218.200000,-142.640000,-90.000000,bottom
"C5_1","0.1uF","C_0402_1005Metric",41.600000,-64.010000,90.000000,bottom
"C5_2","0.1uF","C_0402_1005Metric",41.600000,-114.510000,90.000000,bottom
"C5_3","0.1uF","C_0402_1005Metric",41.600000,-165.010000,90.000000,bottom
"C5_4","0.1uF","C_0402_1005Metric",66.600000,-89.010000,90.000000,bottom
"C5_5","0.1uF","C_0402_1005Metric",66.600000,-139.510000,90.000000,bottom
"C5_6","0.1uF","C_0402_1005Metric",92.100000,-64.010000,90.000000,bottom
"C5_7","0.1uF","C_0402_1005Metric",92.100000,-114.510000,90.000000,bottom
"C5_8","0.1uF","C_0402_1005Metric",92.100000,-165.010000,90.000000,bottom
"C5_9","0.1uF","C_0402_1005Metric",117.100000,-89.010000,90.000000,bottom
"C5_10","0.1uF","C_0402_1005Metric",117.100000,-139.510000,90.000000,bottom
"C5_11","0.1uF","C_0402_1005Metric",142.600000,-64.010000,90.000000,bottom
"C5_12","0.1uF","C_0402_1005Metric",142.600000,-114.510000,90.000000,bottom
"C5_13","0.1uF","C_0402_1005Metric",142.600000,-165.010000,90.000000,bottom
"C5_14","0.1uF","C_0402_1005Metric",167.600000,-89.010000,90.000000,bottom
"C5_15","0.1uF","C_0402_1005Metric",167.600000,-139.510000,90.000000,bottom
"C5_16","0.1uF","C_0402_1005Metric",193.100000,-64.010000,90.000000,bottom
"C5_17","0.1uF","C_0402_1005Metric",193.100000,-114.510000,90.000000,bottom
"C5_18","0.1uF","C_0402_1005Metric",193.100000,-165.010000,90.000000,bottom
"C5_19","0.1uF","C_0402_1005Metric",218.100000,-89.010000,90.000000,bottom
"C5_20","0.1uF","C_0402_1005Metric",218.100000,-139.510000,90.000000,bottom
"C6_1","0.1uF","C_0402_1005Metric",41.510000,-60.800000,90.000000,bottom
"C6_2","0.1uF","C_0402_1005Metric",41.510000,-111.300000,90.000000,bottom
"C6_3","0.1uF","C_0402_1005Metric",41.510000,-161.800000,90.000000,bottom
"C6_4","0.1uF","C_0402_1005Metric",66.510000,-85.800000,90.000000,bottom
"C6_5","0.1uF","C_0402_1005Metric",66.510000,-136.300000,90.000000,bottom
"C6_6","0.1uF","C_0402_1005Metric",92.010000,-60.800000,90.000000,bottom
"C6_7","0.1uF","C_0402_1005Metric",92.010000,-111.300000,90.000000,bottom
"C6_8","0.1uF","C_0402_1005Metric",92.010000,-161.800000,90.000000,bottom
"C6_9","0.1uF","C_0402_1005Metric",117.010000,-85.800000,90.000000,bottom
"C6_10","0.1uF","C_0402_1005Metric",117.010000,-136.300000,90.000000,bottom
"C6_11","0.1uF","C_0402_1005Metric",142.510000,-60.800000,90.000000,bottom
"C6_12","0.1uF","C_0402_1005Metric",142.510000,-111.300000,90.000000,bottom
"C6_13","0.1uF","C_0402_1005Metric",142.510000,-161.800000,90.000000,bottom
"C6_14","0.1uF","C_0402_1005Metric",167.510000,-85.800000,90.000000,bottom
"C6_15","0.1uF","C_0402_1005Metric",167.510000,-136.300000,90.000000,bottom
"C6_16","0.1uF","C_0402_1005Metric",193.010000,-60.800000,90.000000,bottom
"C6_17","0.1uF","C_0402_1005Metric",193.010000,-111.300000,90.000000,bottom
"C6_18","0.1uF","C_0402_1005Metric",193.010000,-161.800000,90.000000,bottom
"C6_19","0.1uF","C_0402_1005Metric",218.010000,-85.800000,90.000000,bottom
"C6_20","0.1uF","C_0402_1005Metric",218.010000,-136.300000,90.000000,bottom
"C7_1","0.1uF","C_0402_1005Metric",38.280000,-59.250000,180.000000,bottom
"C7_2","0.1uF","C_0402_1005Metric",38.280000,-109.750000,180.000000,bottom
"C7_3","0.1uF","C_0402_1005Metric",38.280000,-160.250000,180.000000,bottom
"C7_4","0.1uF","C_0402_1005Metric",63.280000,-84.250000,180.000000,bottom
"C7_5","0.1uF","C_0402_1005Metric",63.280000,-134.750000,180.000000,bottom
"C7_6","0.1uF","C_0402_1005Metric",88.780000,-59.250000,180.000000,bottom
"C7_7","0.1uF","C_0402_1005Metric",88.780000,-109.750000,180.000000,bottom
"C7_8","0.1uF","C_0402_1005Metric",88.780000,-160.250000,180.000000,bottom
"C7_9","0.1uF","C_0402_1005Metric",113.780000,-84.250000,180.000000,bottom
"C7_10","0.1uF","C_0402_1005Metric",113.780000,-134.750000,180.000000,bottom
"C7_11","0.1uF","C_0402_1005Metric",139.280000,-59.250000,180.000000,bottom
"C7_12","0.1uF","C_0402_1005Metric",139.280000,-109.750000,180.000000,bottom
"C7_13","0.1uF","C_0402_1005Metric",139.280000,-160.250000,180.000000,bottom
"C7_14","0.1uF","C_0402_1005Metric",164.280000,-84.250000,180.000000,bottom
"C7_15","0.1uF","C_0402_1005Metric",164.280000,-134.750000,180.000000,bottom
"C7_16","0.1uF","C_0402_1005Metric",189.780000,-59.250000,180.000000,bottom
"C7_17","0.1uF","C_0402_1005Metric",189.780000,-109.750000,180.000000,bottom
"C7_18","0.1uF","C_0402_1005Metric",189.780000,-160.250000,180.000000,bottom
"C7_19","0.1uF","C_0402_1005Metric",214.780000,-84.250000,180.000000,bottom
"C7_20","0.1uF","C_0402_1005Metric",214.780000,-134.750000,180.000000,bottom
"C8_1","0.1uF","C_0402_1005Metric",41.100000,-53.010000,180.000000,bottom
"C8_2","0.1uF","C_0402_1005Metric",41.100000,-103.510000,180.000000,bottom
"C8_3","0.1uF","C_0402_1005Metric",41.100000,-154.010000,180.000000,bottom
"C8_4","0.1uF","C_0402_1005Metric",66.100000,-78.010000,180.000000,bottom
"C8_5","0.1uF","C_0402_1005Metric",66.100000,-128.510000,180.000000,bottom
"C8_6","0.1uF","C_0402_1005Metric",91.600000,-53.010000,180.000000,bottom
"C8_7","0.1uF","C_0402_1005Metric",91.600000,-103.510000,180.000000,bottom
"C8_8","0.1uF","C_0402_1005Metric",91.600000,-154.010000,180.000000,bottom
"C8_9","0.1uF","C_0402_1005Metric",116.600000,-78.010000,180.000000,bottom
"C8_10","0.1uF","C_0402_1005Metric",116.600000,-128.510000,180.000000,bottom
"C8_11","0.1uF","C_0402_1005Metric",142.100000,-53.010000,180.000000,bottom
"C8_12","0.1uF","C_0402_1005Metric",142.100000,-103.510000,180.000000,bottom
"C8_13","0.1uF","C_0402_1005Metric",142.100000,-154.010000,180.000000,bottom
"C8_14","0.1uF","C_0402_1005Metric",167.100000,-78.010000,180.000000,bottom
"C8_15","0.1uF","C_0402_1005Metric",167.100000,-128.510000,180.000000,bottom
"C8_16","0.1uF","C_0402_1005Metric",192.600000,-53.010000,180.000000,bottom
"C8_17","0.1uF","C_0402_1005Metric",192.600000,-103.510000,180.000000,bottom
"C8_18","0.1uF","C_0402_1005Metric",192.600000,-154.010000,180.000000,bottom
"C8_19","0.1uF","C_0402_1005Metric",217.600000,-78.010000,180.000000,bottom
"C8_20","0.1uF","C_0402_1005Metric",217.600000,-128.510000,180.000000,bottom
"C9_1","0.1uF","C_0402_1005Metric",44.860000,-54.850000,180.000000,bottom
"C9_2","0.1uF","C_0402_1005Metric",44.860000,-105.350000,180.000000,bottom
"C9_3","0.1uF","C_0402_1005Metric",44.860000,-155.850000,180.000000,bottom
"C9_4","0.1uF","C_0402_1005Metric",69.860000,-79.850000,180.000000,bottom
"C9_5","0.1uF","C_0402_1005Metric",69.860000,-130.350000,180.000000,bottom
"C9_6","0.1uF","C_0402_1005Metric",95.360000,-54.850000,180.000000,bottom
"C9_7","0.1uF","C_0402_1005Metric",95.360000,-105.350000,180.000000,bottom
"C9_8","0.1uF","C_0402_1005Metric",95.360000,-155.850000,180.000000,bottom
"C9_9","0.1uF","C_0402_1005Metric",120.360000,-79.850000,180.000000,bottom
"C9_10","0.1uF","C_0402_1005Metric",120.360000,-130.350000,180.000000,bottom
"C9_11","0.1uF","C_0402_1005Metric",145.860000,-54.850000,180.000000,bottom
"C9_12","0.1uF","C_0402_1005Metric",145.860000,-105.350000,180.000000,bottom
"C9_13","0.1uF","C_0402_1005Metric",145.860000,-155.850000,180.000000,bottom
"C9_14","0.1uF","C_0402_1005Metric",170.860000,-79.850000,180.000000,bottom
"C9_15","0.1uF","C_0402_1005Metric",170.860000,-130.350000,180.000000,bottom
"C9_16","0.1uF","C_0402_1005Metric",196.360000,-54.850000,180.000000,bottom
"C9_17","0.1uF","C_0402_1005Metric",196.360000,-105.350000,180.000000,bottom
"C9_18","0.1uF","C_0402_1005Metric",196.360000,-155.850000,180.000000,bottom
"C9_19","0.1uF","C_0402_1005Metric",221.360000,-79.850000,180.000000,bottom
"C9_20","0.1uF","C_0402_1005Metric",221.360000,-130.350000,180.000000,bottom
"CR1","M24C16-WMN6TP","SO-8_STM",207.240300,-30.305000,180.000000,bottom
"R1","2K","R_0402_1005Metric",222.860000,-32.850000,180.000000,bottom
"R2","3K","R_0402_1005Metric",220.200000,-30.480000,90.000000,bottom
"R3","3.3K","R_0402_1005Metric",217.890000,-26.810000,180.000000,bottom
"R4_1","10R","R_0402_1005Metric",60.850000,-49.480000,0.000000,bottom
"R4_2","10R","R_0402_1005Metric",60.850000,-99.980000,0.000000,bottom
"R4_3","10R","R_0402_1005Metric",60.850000,-150.480000,0.000000,bottom
"R4_4","10R","R_0402_1005Metric",85.850000,-74.480000,0.000000,bottom
"R4_5","10R","R_0402_1005Metric",85.850000,-124.980000,0.000000,bottom
"R4_6","10R","R_0402_1005Metric",111.350000,-49.480000,0.000000,bottom
"R4_7","10R","R_0402_1005Metric",111.350000,-99.980000,0.000000,bottom
"R4_8","10R","R_0402_1005Metric",111.350000,-150.480000,0.000000,bottom
"R4_9","10R","R_0402_1005Metric",136.350000,-74.480000,0.000000,bottom
"R4_10","10R","R_0402_1005Metric",136.350000,-124.980000,0.000000,bottom
"R4_11","10R","R_0402_1005Metric",161.850000,-49.480000,0.000000,bottom
"R4_12","10R","R_0402_1005Metric",161.850000,-99.980000,0.000000,bottom
"R4_13","10R","R_0402_1005Metric",161.850000,-150.480000,0.000000,bottom
"R4_14","10R","R_0402_1005Metric",186.850000,-74.480000,0.000000,bottom
"R4_15","10R","R_0402_1005Metric",186.850000,-124.980000,0.000000,bottom
"R4_16","10R","R_0402_1005Metric",212.350000,-49.480000,0.000000,bottom
"R4_17","10R","R_0402_1005Metric",212.350000,-99.980000,0.000000,bottom
"R4_18","10R","R_0402_1005Metric",212.350000,-150.480000,0.000000,bottom
"R4_19","10R","R_0402_1005Metric",237.350000,-74.480000,0.000000,bottom
"R4_20","10R","R_0402_1005Metric",237.350000,-124.980000,0.000000,bottom
"R5_1","50R","R_0402_1005Metric",62.650000,-67.240000,180.000000,bottom
"R5_2","50R","R_0402_1005Metric",62.650000,-117.740000,180.000000,bottom
"R5_3","50R","R_0402_1005Metric",62.650000,-168.240000,180.000000,bottom
"R5_4","50R","R_0402_1005Metric",87.650000,-92.240000,180.000000,bottom
"R5_5","50R","R_0402_1005Metric",87.650000,-142.740000,180.000000,bottom
"R5_6","50R","R_0402_1005Metric",113.150000,-67.240000,180.000000,bottom
"R5_7","50R","R_0402_1005Metric",113.150000,-117.740000,180.000000,bottom
"R5_8","50R","R_0402_1005Metric",113.150000,-168.240000,180.000000,bottom
"R5_9","50R","R_0402_1005Metric",138.150000,-92.240000,180.000000,bottom
"R5_10","50R","R_0402_1005Metric",138.150000,-142.740000,180.000000,bottom
"R5_11","50R","R_0402_1005Metric",163.650000,-67.240000,180.000000,bottom
"R5_12","50R","R_0402_1005Metric",163.650000,-117.740000,180.000000,bottom
"R5_13","50R","R_0402_1005Metric",163.650000,-168.240000,180.000000,bottom
"R5_14","50R","R_0402_1005Metric",188.650000,-92.240000,180.000000,bottom
"R5_15","50R","R_0402_1005Metric",188.650000,-142.740000,180.000000,bottom
"R5_16","50R","R_0402_1005Metric",214.150000,-67.240000,180.000000,bottom
"R5_17","50R","R_0402_1005Metric",214.150000,-117.740000,180.000000,bottom
"R5_18","50R","R_0402_1005Metric",214.150000,-168.240000,180.000000,bottom
"R5_19","50R","R_0402_1005Metric",239.150000,-92.240000,180.000000,bottom
"R5_20","50R","R_0402_1005Metric",239.150000,-142.740000,180.000000,bottom
"R6_1","50R","R_0402_1005Metric",50.960000,-52.770000,0.000000,bottom
"R6_2","50R","R_0402_1005Metric",50.960000,-103.270000,0.000000,bottom
"R6_3","50R","R_0402_1005Metric",50.960000,-153.770000,0.000000,bottom
"R6_4","50R","R_0402_1005Metric",75.960000,-77.770000,0.000000,bottom
"R6_5","50R","R_0402_1005Metric",75.960000,-128.270000,0.000000,bottom
"R6_6","50R","R_0402_1005Metric",101.470000,-52.770000,0.000000,bottom
"R6_7","50R","R_0402_1005Metric",101.460000,-103.270000,0.000000,bottom
"R6_8","50R","R_0402_1005Metric",101.460000,-153.770000,0.000000,bottom
"R6_9","50R","R_0402_1005Metric",126.460000,-77.770000,0.000000,bottom
"R6_10","50R","R_0402_1005Metric",126.460000,-128.270000,0.000000,bottom
"R6_11","50R","R_0402_1005Metric",151.970000,-52.770000,0.000000,bottom
"R6_12","50R","R_0402_1005Metric",151.960000,-103.270000,0.000000,bottom
"R6_13","50R","R_0402_1005Metric",151.960000,-153.770000,0.000000,bottom
"R6_14","50R","R_0402_1005Metric",176.960000,-77.770000,0.000000,bottom
"R6_15","50R","R_0402_1005Metric",176.960000,-128.270000,0.000000,bottom
"R6_16","50R","R_0402_1005Metric",202.470000,-52.770000,0.000000,bottom
"R6_17","50R","R_0402_1005Metric",202.460000,-103.270000,0.000000,bottom
"R6_18","50R","R_0402_1005Metric",202.460000,-153.770000,0.000000,bottom
"R6_19","50R","R_0402_1005Metric",227.460000,-77.770000,0.000000,bottom
"R6_20","50R","R_0402_1005Metric",227.460000,-128.270000,0.000000,bottom
"R7_1","10K","R_0402_1005Metric",38.090000,-68.840000,-90.000000,bottom
"R7_2","10K","R_0402_1005Metric",38.090000,-119.340000,-90.000000,bottom
"R7_3","10K","R_0402_1005Metric",38.090000,-169.840000,-90.000000,bottom
"R7_4","10K","R_0402_1005Metric",63.090000,-93.840000,-90.000000,bottom
"R7_5","10K","R_0402_1005Metric",63.090000,-144.340000,-90.000000,bottom
"R7_6","10K","R_0402_1005Metric",88.590000,-68.840000,-90.000000,bottom
"R7_7","10K","R_0402_1005Metric",88.580000,-119.340000,-90.000000,bottom
"R7_8","10K","R_0402_1005Metric",88.590000,-169.840000,-90.000000,bottom
"R7_9","10K","R_0402_1005Metric",113.590000,-93.840000,-90.000000,bottom
"R7_10","10K","R_0402_1005Metric",113.590000,-144.340000,-90.000000,bottom
"R7_11","10K","R_0402_1005Metric",139.090000,-68.840000,-90.000000,bottom
"R7_12","10K","R_0402_1005Metric",139.080000,-119.340000,-90.000000,bottom
"R7_13","10K","R_0402_1005Metric",139.090000,-169.840000,-90.000000,bottom
"R7_14","10K","R_0402_1005Metric",164.090000,-93.840000,-90.000000,bottom
"R7_15","10K","R_0402_1005Metric",164.090000,-144.340000,-90.000000,bottom
"R7_16","10K","R_0402_1005Metric",189.590000,-68.840000,-90.000000,bottom
"R7_17","10K","R_0402_1005Metric",189.580000,-119.340000,-90.000000,bottom
"R7_18","10K","R_0402_1005Metric",189.590000,-169.840000,-90.000000,bottom
"R7_19","10K","R_0402_1005Metric",214.590000,-93.840000,-90.000000,bottom
"R7_20","10K","R_0402_1005Metric",214.590000,-144.340000,-90.000000,bottom
"R8_1","10K","R_0402_1005Metric",45.090000,-68.960000,90.000000,bottom
"R8_2","10K","R_0402_1005Metric",45.090000,-119.460000,90.000000,bottom
"R8_3","10K","R_0402_1005Metric",45.090000,-169.960000,90.000000,bottom
"R8_4","10K","R_0402_1005Metric",70.090000,-93.960000,90.000000,bottom
"R8_5","10K","R_0402_1005Metric",70.090000,-144.460000,90.000000,bottom
"R8_6","10K","R_0402_1005Metric",95.590000,-68.960000,90.000000,bottom
"R8_7","10K","R_0402_1005Metric",95.590000,-119.460000,90.000000,bottom
"R8_8","10K","R_0402_1005Metric",95.590000,-169.960000,90.000000,bottom
"R8_9","10K","R_0402_1005Metric",120.590000,-93.960000,90.000000,bottom
"R8_10","10K","R_0402_1005Metric",120.590000,-144.460000,90.000000,bottom
"R8_11","10K","R_0402_1005Metric",146.090000,-68.960000,90.000000,bottom
"R8_12","10K","R_0402_1005Metric",146.090000,-119.460000,90.000000,bottom
"R8_13","10K","R_0402_1005Metric",146.090000,-169.960000,90.000000,bottom
"R8_14","10K","R_0402_1005Metric",171.090000,-93.960000,90.000000,bottom
"R8_15","10K","R_0402_1005Metric",171.090000,-144.460000,90.000000,bottom
"R8_16","10K","R_0402_1005Metric",196.590000,-68.960000,90.000000,bottom
"R8_17","10K","R_0402_1005Metric",196.590000,-119.460000,90.000000,bottom
"R8_18","10K","R_0402_1005Metric",196.590000,-169.960000,90.000000,bottom
"R8_19","10K","R_0402_1005Metric",221.590000,-93.960000,90.000000,bottom
"R8_20","10K","R_0402_1005Metric",221.590000,-144.460000,90.000000,bottom
"R9_1","10K","R_0402_1005Metric",49.670000,-72.600000,90.000000,bottom
"R9_2","10K","R_0402_1005Metric",49.670000,-123.100000,90.000000,bottom
"R9_3","10K","R_0402_1005Metric",49.670000,-173.600000,90.000000,bottom
"R9_4","10K","R_0402_1005Metric",74.670000,-97.600000,90.000000,bottom
"R9_5","10K","R_0402_1005Metric",74.670000,-148.100000,90.000000,bottom
"R9_6","10K","R_0402_1005Metric",100.170000,-72.600000,90.000000,bottom
"R9_7","10K","R_0402_1005Metric",100.170000,-123.100000,90.000000,bottom
"R9_8","10K","R_0402_1005Metric",100.170000,-173.600000,90.000000,bottom
"R9_9","10K","R_0402_1005Metric",125.170000,-97.600000,90.000000,bottom
"R9_10","10K","R_0402_1005Metric",125.170000,-148.100000,90.000000,bottom
"R9_11","10K","R_0402_1005Metric",150.670000,-72.600000,90.000000,bottom
"R9_12","10K","R_0402_1005Metric",150.670000,-123.100000,90.000000,bottom
"R9_13","10K","R_0402_1005Metric",150.670000,-173.600000,90.000000,bottom
"R9_14","10K","R_0402_1005Metric",175.670000,-97.600000,90.000000,bottom
"R9_15","10K","R_0402_1005Metric",175.670000,-148.100000,90.000000,bottom
"R9_16","10K","R_0402_1005Metric",201.170000,-72.600000,90.000000,bottom
"R9_17","10K","R_0402_1005Metric",201.170000,-123.100000,90.000000,bottom
"R9_18","10K","R_0402_1005Metric",201.170000,-173.600000,90.000000,bottom
"R9_19","10K","R_0402_1005Metric",226.170000,-97.600000,90.000000,bottom
"R9_20","10K","R_0402_1005Metric",226.170000,-148.100000,90.000000,bottom
"R10_1","10K","R_0402_1005Metric",55.880000,-51.990000,180.000000,bottom
"R10_2","10K","R_0402_1005Metric",55.880000,-102.490000,180.000000,bottom
"R10_3","10K","R_0402_1005Metric",55.880000,-152.990000,180.000000,bottom
"R10_4","10K","R_0402_1005Metric",80.880000,-76.990000,180.000000,bottom
"R10_5","10K","R_0402_1005Metric",80.880000,-127.490000,180.000000,bottom
"R10_6","10K","R_0402_1005Metric",106.380000,-51.990000,180.000000,bottom
"R10_7","10K","R_0402_1005Metric",106.380000,-102.490000,180.000000,bottom
"R10_8","10K","R_0402_1005Metric",106.380000,-152.990000,180.000000,bottom
"R10_9","10K","R_0402_1005Metric",131.380000,-76.990000,180.000000,bottom
"R10_10","10K","R_0402_1005Metric",131.380000,-127.490000,180.000000,bottom
"R10_11","10K","R_0402_1005Metric",156.880000,-51.990000,180.000000,bottom
"R10_12","10K","R_0402_1005Metric",156.880000,-102.490000,180.000000,bottom
"R10_13","10K","R_0402_1005Metric",156.880000,-152.990000,180.000000,bottom
"R10_14","10K","R_0402_1005Metric",181.880000,-76.990000,180.000000,bottom
"R10_15","10K","R_0402_1005Metric",181.880000,-127.490000,180.000000,bottom
"R10_16","10K","R_0402_1005Metric",207.380000,-51.990000,180.000000,bottom
"R10_17","10K","R_0402_1005Metric",207.380000,-102.490000,180.000000,bottom
"R10_18","10K","R_0402_1005Metric",207.380000,-152.990000,180.000000,bottom
"R10_19","10K","R_0402_1005Metric",232.380000,-76.990000,180.000000,bottom
"R10_20","10K","R_0402_1005Metric",232.380000,-127.490000,180.000000,bottom
"R11_1","10K","R_0402_1005Metric",55.420000,-64.450000,180.000000,bottom
"R11_2","10K","R_0402_1005Metric",55.420000,-114.950000,180.000000,bottom
"R11_3","10K","R_0402_1005Metric",55.420000,-165.450000,180.000000,bottom
"R11_4","10K","R_0402_1005Metric",80.420000,-89.450000,180.000000,bottom
"R11_5","10K","R_0402_1005Metric",80.420000,-139.950000,180.000000,bottom
"R11_6","10K","R_0402_1005Metric",105.920000,-64.450000,180.000000,bottom
"R11_7","10K","R_0402_1005Metric",105.920000,-114.950000,180.000000,bottom
"R11_8","10K","R_0402_1005Metric",105.920000,-165.450000,180.000000,bottom
"R11_9","10K","R_0402_1005Metric",130.920000,-89.450000,180.000000,bottom
"R11_10","10K","R_0402_1005Metric",130.920000,-139.950000,180.000000,bottom
"R11_11","10K","R_0402_1005Metric",156.420000,-64.450000,180.000000,bottom
"R11_12","10K","R_0402_1005Metric",156.420000,-114.950000,180.000000,bottom
"R11_13","10K","R_0402_1005Metric",156.420000,-165.450000,180.000000,bottom
"R11_14","10K","R_0402_1005Metric",181.420000,-89.450000,180.000000,bottom
"R11_15","10K","R_0402_1005Metric",181.420000,-139.950000,180.000000,bottom
"R11_16","10K","R_0402_1005Metric",206.920000,-64.450000,180.000000,bottom
"R11_17","10K","R_0402_1005Metric",206.920000,-114.950000,180.000000,bottom
"R11_18","10K","R_0402_1005Metric",206.920000,-165.450000,180.000000,bottom
"R11_19","10K","R_0402_1005Metric",231.920000,-89.450000,180.000000,bottom
"R11_20","10K","R_0402_1005Metric",231.920000,-139.950000,180.000000,bottom
"R12_1","10K","R_0402_1005Metric",55.550000,-68.610000,180.000000,bottom
"R12_2","10K","R_0402_1005Metric",55.550000,-119.110000,180.000000,bottom
"R12_3","10K","R_0402_1005Metric",55.550000,-169.610000,180.000000,bottom
"R12_4","10K","R_0402_1005Metric",80.550000,-93.610000,180.000000,bottom
"R12_5","10K","R_0402_1005Metric",80.550000,-144.110000,180.000000,bottom
"R12_6","10K","R_0402_1005Metric",106.050000,-68.610000,180.000000,bottom
"R12_7","10K","R_0402_1005Metric",106.050000,-119.110000,180.000000,bottom
"R12_8","10K","R_0402_1005Metric",106.050000,-169.610000,180.000000,bottom
"R12_9","10K","R_0402_1005Metric",131.050000,-93.610000,180.000000,bottom
"R12_10","10K","R_0402_1005Metric",131.050000,-144.110000,180.000000,bottom
"R12_11","10K","R_0402_1005Metric",156.550000,-68.610000,180.000000,bottom
"R12_12","10K","R_0402_1005Metric",156.550000,-119.110000,180.000000,bottom
"R12_13","10K","R_0402_1005Metric",156.550000,-169.610000,180.000000,bottom
"R12_14","10K","R_0402_1005Metric",181.550000,-93.610000,180.000000,bottom
"R12_15","10K","R_0402_1005Metric",181.550000,-144.110000,180.000000,bottom
"R12_16","10K","R_0402_1005Metric",207.050000,-68.610000,180.000000,bottom
"R12_17","10K","R_0402_1005Metric",207.050000,-119.110000,180.000000,bottom
"R12_18","10K","R_0402_1005Metric",207.050000,-169.610000,180.000000,bottom
"R12_19","10K","R_0402_1005Metric",232.050000,-93.610000,180.000000,bottom
"R12_20","10K","R_0402_1005Metric",232.050000,-144.110000,180.000000,bottom
"R13_1","150K","R_0402_1005Metric",52.820000,-66.540000,90.000000,bottom
"R13_2","150K","R_0402_1005Metric",52.820000,-117.040000,90.000000,bottom
"R13_3","150K","R_0402_1005Metric",52.820000,-167.540000,90.000000,bottom
"R13_4","150K","R_0402_1005Metric",77.820000,-91.540000,90.000000,bottom
"R13_5","150K","R_0402_1005Metric",77.820000,-142.040000,90.000000,bottom
"R13_6","150K","R_0402_1005Metric",103.320000,-66.540000,90.000000,bottom
"R13_7","150K","R_0402_1005Metric",103.320000,-117.040000,90.000000,bottom
"R13_8","150K","R_0402_1005Metric",103.320000,-167.540000,90.000000,bottom
"R13_9","150K","R_0402_1005Metric",128.320000,-91.540000,90.000000,bottom
"R13_10","150K","R_0402_1005Metric",128.320000,-142.040000,90.000000,bottom
"R13_11","150K","R_0402_1005Metric",153.820000,-66.540000,90.000000,bottom
"R13_12","150K","R_0402_1005Metric",153.820000,-117.040000,90.000000,bottom
"R13_13","150K","R_0402_1005Metric",153.820000,-167.540000,90.000000,bottom
"R13_14","150K","R_0402_1005Metric",178.820000,-91.540000,90.000000,bottom
"R13_15","150K","R_0402_1005Metric",178.820000,-142.040000,90.000000,bottom
"R13_16","150K","R_0402_1005Metric",204.320000,-66.540000,90.000000,bottom
"R13_17","150K","R_0402_1005Metric",204.320000,-117.040000,90.000000,bottom
"R13_18","150K","R_0402_1005Metric",204.320000,-167.540000,90.000000,bottom
"R13_19","150K","R_0402_1005Metric",229.320000,-91.540000,90.000000,bottom
"R13_20","150K","R_0402_1005Metric",229.320000,-142.040000,90.000000,bottom
"R14_1","150K","R_0402_1005Metric",47.780000,-51.880000,0.000000,bottom
"R14_2","150K","R_0402_1005Metric",47.780000,-102.380000,0.000000,bottom
"R14_3","150K","R_0402_1005Metric",47.780000,-152.880000,0.000000,bottom
"R14_4","150K","R_0402_1005Metric",72.780000,-76.880000,0.000000,bottom
"R14_5","150K","R_0402_1005Metric",72.780000,-127.380000,0.000000,bottom
"R14_6","150K","R_0402_1005Metric",98.280000,-51.880000,0.000000,bottom
"R14_7","150K","R_0402_1005Metric",98.280000,-102.380000,0.000000,bottom
"R14_8","150K","R_0402_1005Metric",98.280000,-152.880000,0.000000,bottom
"R14_9","150K","R_0402_1005Metric",123.280000,-76.880000,0.000000,bottom
"R14_10","150K","R_0402_1005Metric",123.280000,-127.380000,0.000000,bottom
"R14_11","150K","R_0402_1005Metric",148.780000,-51.880000,0.000000,bottom
"R14_12","150K","R_0402_1005Metric",148.780000,-102.380000,0.000000,bottom
"R14_13","150K","R_0402_1005Metric",148.780000,-152.880000,0.000000,bottom
"R14_14","150K","R_0402_1005Metric",173.780000,-76.880000,0.000000,bottom
"R14_15","150K","R_0402_1005Metric",173.780000,-127.380000,0.000000,bottom
"R14_16","150K","R_0402_1005Metric",199.280000,-51.880000,0.000000,bottom
"R14_17","150K","R_0402_1005Metric",199.280000,-102.380000,0.000000,bottom
"R14_18","150K","R_0402_1005Metric",199.280000,-152.880000,0.000000,bottom
"R14_19","150K","R_0402_1005Metric",224.280000,-76.880000,0.000000,bottom
"R14_20","150K","R_0402_1005Metric",224.280000,-127.380000,0.000000,bottom
"R15_1","100K","R_0402_1005Metric",37.790000,-62.950000,180.000000,bottom
"R15_2","100K","R_0402_1005Metric",37.790000,-113.450000,180.000000,bottom
"R15_3","100K","R_0402_1005Metric",37.790000,-163.950000,180.000000,bottom
"R15_4","100K","R_0402_1005Metric",62.790000,-87.950000,180.000000,bottom
"R15_5","100K","R_0402_1005Metric",62.790000,-138.450000,180.000000,bottom
"R15_6","100K","R_0402_1005Metric",88.290000,-62.950000,180.000000,bottom
"R15_7","100K","R_0402_1005Metric",88.290000,-113.450000,180.000000,bottom
"R15_8","100K","R_0402_1005Metric",88.290000,-163.950000,180.000000,bottom
"R15_9","100K","R_0402_1005Metric",113.290000,-87.950000,180.000000,bottom
"R15_10","100K","R_0402_1005Metric",113.290000,-138.450000,180.000000,bottom
"R15_11","100K","R_0402_1005Metric",138.790000,-62.950000,180.000000,bottom
"R15_12","100K","R_0402_1005Metric",138.790000,-113.450000,180.000000,bottom
"R15_13","100K","R_0402_1005Metric",138.790000,-163.950000,180.000000,bottom
"R15_14","100K","R_0402_1005Metric",163.790000,-87.950000,180.000000,bottom
"R15_15","100K","R_0402_1005Metric",163.790000,-138.450000,180.000000,bottom
"R15_16","100K","R_0402_1005Metric",189.290000,-62.950000,180.000000,bottom
"R15_17","100K","R_0402_1005Metric",189.290000,-113.450000,180.000000,bottom
"R15_18","100K","R_0402_1005Metric",189.290000,-163.950000,180.000000,bottom
"R15_19","100K","R_0402_1005Metric",214.290000,-87.950000,180.000000,bottom
"R15_20","100K","R_0402_1005Metric",214.290000,-138.450000,180.000000,bottom
"R16_1","100K","R_0402_1005Metric",32.500000,-56.450000,0.000000,bottom
"R16_2","100K","R_0402_1005Metric",32.500000,-106.950000,0.000000,bottom
"R16_3","100K","R_0402_1005Metric",32.500000,-157.450000,0.000000,bottom
"R16_4","100K","R_0402_1005Metric",57.500000,-81.450000,0.000000,bottom
"R16_5","100K","R_0402_1005Metric",57.500000,-131.950000,0.000000,bottom
"R16_6","100K","R_0402_1005Metric",83.000000,-56.450000,0.000000,bottom
"R16_7","100K","R_0402_1005Metric",83.000000,-106.950000,0.000000,bottom
"R16_8","100K","R_0402_1005Metric",83.000000,-157.450000,0.000000,bottom
"R16_9","100K","R_0402_1005Metric",108.000000,-81.450000,0.000000,bottom
"R16_10","100K","R_0402_1005Metric",108.000000,-131.950000,0.000000,bottom
"R16_11","100K","R_0402_1005Metric",133.500000,-56.450000,0.000000,bottom
"R16_12","100K","R_0402_1005Metric",133.500000,-106.950000,0.000000,bottom
"R16_13","100K","R_0402_1005Metric",133.500000,-157.450000,0.000000,bottom
"R16_14","100K","R_0402_1005Metric",158.500000,-81.450000,0.000000,bottom
"R16_15","100K","R_0402_1005Metric",158.500000,-131.950000,0.000000,bottom
"R16_16","100K","R_0402_1005Metric",184.000000,-56.450000,0.000000,bottom
"R16_17","100K","R_0402_1005Metric",184.000000,-106.950000,0.000000,bottom
"R16_18","100K","R_0402_1005Metric",184.000000,-157.450000,0.000000,bottom
"R16_19","100K","R_0402_1005Metric",209.000000,-81.450000,0.000000,bottom
"R16_20","100K","R_0402_1005Metric",209.000000,-131.950000,0.000000,bottom
"R_CLK","R","R_0402_1005Metric",197.040000,-30.510000,-90.000000,bottom
"R_DAT","R","R_0402_1005Metric",199.320000,-31.410000,90.000000,bottom
"TP1_1","TP_CNT","TestPoint_Pad_04",59.420000,-70.540000,180.000000,bottom
"TP1_2","TP_CNT","TestPoint_Pad_04",59.420000,-121.040000,180.000000,bottom
"TP1_3","TP_CNT","TestPoint_Pad_04",59.420000,-171.540000,180.000000,bottom
"TP1_4","TP_CNT","TestPoint_Pad_04",84.420000,-95.540000,180.000000,bottom
"TP1_5","TP_CNT","TestPoint_Pad_04",84.420000,-146.040000,180.000000,bottom
"TP1_6","TP_CNT","TestPoint_Pad_04",109.920000,-70.540000,180.000000,bottom
"TP1_7","TP_CNT","TestPoint_Pad_04",109.920000,-121.040000,180.000000,bottom
"TP1_8","TP_CNT","TestPoint_Pad_04",109.920000,-171.540000,180.000000,bottom
"TP1_9","TP_CNT","TestPoint_Pad_04",134.920000,-95.540000,180.000000,bottom
"TP1_10","TP_CNT","TestPoint_Pad_04",134.920000,-146.040000,180.000000,bottom
"TP1_11","TP_CNT","TestPoint_Pad_04",160.420000,-70.540000,180.000000,bottom
"TP1_12","TP_CNT","TestPoint_Pad_04",160.420000,-121.040000,180.000000,bottom
"TP1_13","TP_CNT","TestPoint_Pad_04",160.420000,-171.540000,180.000000,bottom
"TP1_14","TP_CNT","TestPoint_Pad_04",185.420000,-95.540000,180.000000,bottom
"TP1_15","TP_CNT","TestPoint_Pad_04",185.420000,-146.040000,180.000000,bottom
"TP1_16","TP_CNT","TestPoint_Pad_04",210.920000,-70.540000,180.000000,bottom
"TP1_17","TP_CNT","TestPoint_Pad_04",210.920000,-121.040000,180.000000,bottom
"TP1_18","TP_CNT","TestPoint_Pad_04",210.920000,-171.540000,180.000000,bottom
"TP1_19","TP_CNT","TestPoint_Pad_04",235.920000,-95.540000,180.000000,bottom
"TP1_20","TP_CNT","TestPoint_Pad_04",235.920000,-146.040000,180.000000,bottom
"TP2_1","TP_2.5V","TestPoint_Pad_04",52.170000,-72.710000,180.000000,bottom
"TP2_2","TP_2.5V","TestPoint_Pad_04",52.170000,-123.210000,180.000000,bottom
"TP2_3","TP_2.5V","TestPoint_Pad_04",52.170000,-173.710000,180.000000,bottom
"TP2_4","TP_2.5V","TestPoint_Pad_04",77.170000,-97.710000,180.000000,bottom
"TP2_5","TP_2.5V","TestPoint_Pad_04",77.170000,-148.210000,180.000000,bottom
"TP2_6","TP_2.5V","TestPoint_Pad_04",102.670000,-72.710000,180.000000,bottom
"TP2_7","TP_2.5V","TestPoint_Pad_04",102.670000,-123.210000,180.000000,bottom
"TP2_8","TP_2.5V","TestPoint_Pad_04",102.670000,-173.710000,180.000000,bottom
"TP2_9","TP_2.5V","TestPoint_Pad_04",127.670000,-97.710000,180.000000,bottom
"TP2_10","TP_2.5V","TestPoint_Pad_04",127.670000,-148.210000,180.000000,bottom
"TP2_11","TP_2.5V","TestPoint_Pad_04",153.170000,-72.710000,180.000000,bottom
"TP2_12","TP_2.5V","TestPoint_Pad_04",153.170000,-123.210000,180.000000,bottom
"TP2_13","TP_2.5V","TestPoint_Pad_04",153.170000,-173.710000,180.000000,bottom
"TP2_14","TP_2.5V","TestPoint_Pad_04",178.170000,-97.710000,180.000000,bottom
"TP2_15","TP_2.5V","TestPoint_Pad_04",178.170000,-148.210000,180.000000,bottom
"TP2_16","TP_2.5V","TestPoint_Pad_04",203.670000,-72.710000,180.000000,bottom
"TP2_17","TP_2.5V","TestPoint_Pad_04",203.670000,-123.210000,180.000000,bottom
"TP2_18","TP_2.5V","TestPoint_Pad_04",203.670000,-173.710000,180.000000,bottom
"TP2_19","TP_2.5V","TestPoint_Pad_04",228.670000,-97.710000,180.000000,bottom
"TP2_20","TP_2.5V","TestPoint_Pad_04",228.670000,-148.210000,180.000000,bottom
"TP3_1","TP_SEN","TestPoint_Pad_04",52.600000,-51.320000,180.000000,bottom
"TP3_2","TP_SEN","TestPoint_Pad_04",52.600000,-101.820000,180.000000,bottom
"TP3_3","TP_SEN","TestPoint_Pad_04",52.600000,-152.320000,180.000000,bottom
"TP3_4","TP_SEN","TestPoint_Pad_04",77.600000,-76.320000,180.000000,bottom
"TP3_5","TP_SEN","TestPoint_Pad_04",77.600000,-126.820000,180.000000,bottom
"TP3_6","TP_SEN","TestPoint_Pad_04",103.100000,-51.320000,180.000000,bottom
"TP3_7","TP_SEN","TestPoint_Pad_04",103.100000,-101.820000,180.000000,bottom
"TP3_8","TP_SEN","TestPoint_Pad_04",103.100000,-152.320000,180.000000,bottom
"TP3_9","TP_SEN","TestPoint_Pad_04",128.100000,-76.320000,180.000000,bottom
"TP3_10","TP_SEN","TestPoint_Pad_04",128.100000,-126.820000,180.000000,bottom
"TP3_11","TP_SEN","TestPoint_Pad_04",153.600000,-51.320000,180.000000,bottom
"TP3_12","TP_SEN","TestPoint_Pad_04",153.600000,-101.820000,180.000000,bottom
"TP3_13","TP_SEN","TestPoint_Pad_04",153.600000,-152.320000,180.000000,bottom
"TP3_14","TP_SEN","TestPoint_Pad_04",178.600000,-76.320000,180.000000,bottom
"TP3_15","TP_SEN","TestPoint_Pad_04",178.600000,-126.820000,180.000000,bottom
"TP3_16","TP_SEN","TestPoint_Pad_04",204.100000,-51.320000,180.000000,bottom
"TP3_17","TP_SEN","TestPoint_Pad_04",204.100000,-101.820000,180.000000,bottom
"TP3_18","TP_SEN","TestPoint_Pad_04",204.100000,-152.320000,180.000000,bottom
"TP3_19","TP_SEN","TestPoint_Pad_04",229.100000,-76.320000,180.000000,bottom
"TP3_20","TP_SEN","TestPoint_Pad_04",229.100000,-126.820000,180.000000,bottom
"TP4_1","TP_AUX","TestPoint_Pad_04",41.670000,-72.790000,180.000000,bottom
"TP4_2","TP_AUX","TestPoint_Pad_04",41.670000,-123.290000,180.000000,bottom
"TP4_3","TP_AUX","TestPoint_Pad_04",41.670000,-173.790000,180.000000,bottom
"TP4_4","TP_AUX","TestPoint_Pad_04",66.670000,-97.790000,180.000000,bottom
"TP4_5","TP_AUX","TestPoint_Pad_04",66.670000,-148.290000,180.000000,bottom
"TP4_6","TP_AUX","TestPoint_Pad_04",92.170000,-72.790000,180.000000,bottom
"TP4_7","TP_AUX","TestPoint_Pad_04",92.170000,-123.290000,180.000000,bottom
"TP4_8","TP_AUX","TestPoint_Pad_04",92.170000,-173.790000,180.000000,bottom
"TP4_9","TP_AUX","TestPoint_Pad_04",117.170000,-97.790000,180.000000,bottom
"TP4_10","TP_AUX","TestPoint_Pad_04",117.170000,-148.290000,180.000000,bottom
"TP4_11","TP_AUX","TestPoint_Pad_04",142.670000,-72.790000,180.000000,bottom
"TP4_12","TP_AUX","TestPoint_Pad_04",142.670000,-123.290000,180.000000,bottom
"TP4_13","TP_AUX","TestPoint_Pad_04",142.670000,-173.790000,180.000000,bottom
"TP4_14","TP_AUX","TestPoint_Pad_04",167.670000,-97.790000,180.000000,bottom
"TP4_15","TP_AUX","TestPoint_Pad_04",167.670000,-148.290000,180.000000,bottom
"TP4_16","TP_AUX","TestPoint_Pad_04",193.170000,-72.790000,180.000000,bottom
"TP4_17","TP_AUX","TestPoint_Pad_04",193.170000,-123.290000,180.000000,bottom
"TP4_18","TP_AUX","TestPoint_Pad_04",193.170000,-173.790000,180.000000,bottom
"TP4_19","TP_AUX","TestPoint_Pad_04",218.170000,-97.790000,180.000000,bottom
"TP4_20","TP_AUX","TestPoint_Pad_04",218.170000,-148.290000,180.000000,bottom
"TP5_1","TP_F1","TestPoint_Pad_04",45.210000,-72.380000,180.000000,bottom
"TP5_2","TP_F1","TestPoint_Pad_04",45.210000,-122.880000,180.000000,bottom
"TP5_3","TP_F1","TestPoint_Pad_04",45.210000,-173.380000,180.000000,bottom
"TP5_4","TP_F1","TestPoint_Pad_04",70.210000,-97.380000,180.000000,bottom
"TP5_5","TP_F1","TestPoint_Pad_04",70.210000,-147.880000,180.000000,bottom
"TP5_6","TP_F1","TestPoint_Pad_04",95.710000,-72.380000,180.000000,bottom
"TP5_7","TP_F1","TestPoint_Pad_04",95.710000,-122.880000,180.000000,bottom
"TP5_8","TP_F1","TestPoint_Pad_04",95.710000,-173.380000,180.000000,bottom
"TP5_9","TP_F1","TestPoint_Pad_04",120.710000,-97.380000,180.000000,bottom
"TP5_10","TP_F1","TestPoint_Pad_04",120.710000,-147.880000,180.000000,bottom
"TP5_11","TP_F1","TestPoint_Pad_04",146.210000,-72.380000,180.000000,bottom
"TP5_12","TP_F1","TestPoint_Pad_04",146.210000,-122.880000,180.000000,bottom
"TP5_13","TP_F1","TestPoint_Pad_04",146.210000,-173.380000,180.000000,bottom
"TP5_14","TP_F1","TestPoint_Pad_04",171.210000,-97.380000,180.000000,bottom
"TP5_15","TP_F1","TestPoint_Pad_04",171.210000,-147.880000,180.000000,bottom
"TP5_16","TP_F1","TestPoint_Pad_04",196.710000,-72.380000,180.000000,bottom
"TP5_17","TP_F1","TestPoint_Pad_04",196.710000,-122.880000,180.000000,bottom
"TP5_18","TP_F1","TestPoint_Pad_04",196.710000,-173.380000,180.000000,bottom
"TP5_19","TP_F1","TestPoint_Pad_04",221.710000,-97.380000,180.000000,bottom
"TP5_20","TP_F1","TestPoint_Pad_04",221.710000,-147.880000,180.000000,bottom
"U1","LM4041CIDBZT","DBZ3",215.854000,-30.530000,-90.000000,bottom
"U2_1","LMC6482","SOIC-8_3.9x4.9mm_P1.27mm",54.865000,-58.275000,-90.000000,bottom
"U2_2","LMC6482","SOIC-8_3.9x4.9mm_P1.27mm",54.865000,-108.775000,-90.000000,bottom
"U2_3","LMC6482","SOIC-8_3.9x4.9mm_P1.27mm",54.865000,-159.275000,-90.000000,bottom
"U2_4","LMC6482","SOIC-8_3.9x4.9mm_P1.27mm",79.865000,-83.275000,-90.000000,bottom
"U2_5","LMC6482","SOIC-8_3.9x4.9mm_P1.27mm",79.865000,-133.775000,-90.000000,bottom
"U2_6","LMC6482","SOIC-8_3.9x4.9mm_P1.27mm",105.365000,-58.275000,-90.000000,bottom
"U2_7","LMC6482","SOIC-8_3.9x4.9mm_P1.27mm",105.365000,-108.775000,-90.000000,bottom
"U2_8","LMC6482","SOIC-8_3.9x4.9mm_P1.27mm",105.365000,-159.275000,-90.000000,bottom
"U2_9","LMC6482","SOIC-8_3.9x4.9mm_P1.27mm",130.365000,-83.275000,-90.000000,bottom
"U2_10","LMC6482","SOIC-8_3.9x4.9mm_P1.27mm",130.365000,-133.775000,-90.000000,bottom
"U2_11","LMC6482","SOIC-8_3.9x4.9mm_P1.27mm",155.865000,-58.275000,-90.000000,bottom
"U2_12","LMC6482","SOIC-8_3.9x4.9mm_P1.27mm",155.865000,-108.775000,-90.000000,bottom
"U2_13","LMC6482","SOIC-8_3.9x4.9mm_P1.27mm",155.865000,-159.275000,-90.000000,bottom
"U2_14","LMC6482","SOIC-8_3.9x4.9mm_P1.27mm",180.865000,-83.275000,-90.000000,bottom
"U2_15","LMC6482","SOIC-8_3.9x4.9mm_P1.27mm",180.865000,-133.775000,-90.000000,bottom
"U2_16","LMC6482","SOIC-8_3.9x4.9mm_P1.27mm",206.365000,-58.275000,-90.000000,bottom
"U2_17","LMC6482","SOIC-8_3.9x4.9mm_P1.27mm",206.365000,-108.775000,-90.000000,bottom
"U2_18","LMC6482","SOIC-8_3.9x4.9mm_P1.27mm",206.365000,-159.275000,-90.000000,bottom
"U2_19","LMC6482","SOIC-8_3.9x4.9mm_P1.27mm",224.335000,-88.235000,90.000000,bottom
"U2_20","LMC6482","SOIC-8_3.9x4.9mm_P1.27mm",231.365000,-133.775000,-90.000000,bottom
"U3_1","NFL21SP106X1C3D","GCAP_NFL21SP106X1C3D_MUR",33.330000,-63.157900,180.000000,bottom
"U3_2","NFL21SP106X1C3D","GCAP_NFL21SP106X1C3D_MUR",33.330000,-113.647700,180.000000,bottom
"U3_3","NFL21SP106X1C3D","GCAP_NFL21SP106X1C3D_MUR",33.328700,-164.150000,180.000000,bottom
"U3_4","NFL21SP106X1C3D","GCAP_NFL21SP106X1C3D_MUR",58.330000,-88.160000,180.000000,bottom
"U3_5","NFL21SP106X1C3D","GCAP_NFL21SP106X1C3D_MUR",58.331300,-138.650000,180.000000,bottom
"U3_6","NFL21SP106X1C3D","GCAP_NFL21SP106X1C3D_MUR",83.830000,-63.157700,180.000000,bottom
"U3_7","NFL21SP106X1C3D","GCAP_NFL21SP106X1C3D_MUR",83.831300,-113.650000,180.000000,bottom
"U3_8","NFL21SP106X1C3D","GCAP_NFL21SP106X1C3D_MUR",83.828700,-164.150000,180.000000,bottom
"U3_9","NFL21SP106X1C3D","GCAP_NFL21SP106X1C3D_MUR",108.831300,-88.160000,180.000000,bottom
"U3_10","NFL21SP106X1C3D","GCAP_NFL21SP106X1C3D_MUR",108.831300,-138.650000,180.000000,bottom
"U3_11","NFL21SP106X1C3D","GCAP_NFL21SP106X1C3D_MUR",134.331300,-63.160000,180.000000,bottom
"U3_12","NFL21SP106X1C3D","GCAP_NFL21SP106X1C3D_MUR",134.331300,-113.650000,180.000000,bottom
"U3_13","NFL21SP106X1C3D","GCAP_NFL21SP106X1C3D_MUR",134.331300,-164.150000,180.000000,bottom
"U3_14","NFL21SP106X1C3D","GCAP_NFL21SP106X1C3D_MUR",159.330000,-88.162300,180.000000,bottom
"U3_15","NFL21SP106X1C3D","GCAP_NFL21SP106X1C3D_MUR",159.331300,-138.650000,180.000000,bottom
"U3_16","NFL21SP106X1C3D","GCAP_NFL21SP106X1C3D_MUR",184.828700,-63.160000,180.000000,bottom
"U3_17","NFL21SP106X1C3D","GCAP_NFL21SP106X1C3D_MUR",184.828700,-113.650000,180.000000,bottom
"U3_18","NFL21SP106X1C3D","GCAP_NFL21SP106X1C3D_MUR",184.831300,-164.150000,180.000000,bottom
"U3_19","NFL21SP106X1C3D","GCAP_NFL21SP106X1C3D_MUR",209.830000,-88.162300,180.000000,bottom
"U3_20","NFL21SP106X1C3D","GCAP_NFL21SP106X1C3D_MUR",209.830000,-138.647700,180.000000,bottom
"U4_1","LMC6482","SOIC-8_3.9x4.9mm_P1.27mm",47.835000,-63.235000,90.000000,bottom
"U4_2","LMC6482","SOIC-8_3.9x4.9mm_P1.27mm",47.835000,-113.735000,90.000000,bottom
"U4_3","LMC6482","SOIC-8_3.9x4.9mm_P1.27mm",47.835000,-164.235000,90.000000,bottom
"U4_4","LMC6482","SOIC-8_3.9x4.9mm_P1.27mm",72.835000,-88.235000,90.000000,bottom
"U4_5","LMC6482","SOIC-8_3.9x4.9mm_P1.27mm",72.835000,-138.735000,90.000000,bottom
"U4_6","LMC6482","SOIC-8_3.9x4.9mm_P1.27mm",98.335000,-63.235000,90.000000,bottom
"U4_7","LMC6482","SOIC-8_3.9x4.9mm_P1.27mm",98.335000,-113.735000,90.000000,bottom
"U4_8","LMC6482","SOIC-8_3.9x4.9mm_P1.27mm",98.335000,-164.235000,90.000000,bottom
"U4_9","LMC6482","SOIC-8_3.9x4.9mm_P1.27mm",123.335000,-88.235000,90.000000,bottom
"U4_10","LMC6482","SOIC-8_3.9x4.9mm_P1.27mm",123.335000,-138.735000,90.000000,bottom
"U4_11","LMC6482","SOIC-8_3.9x4.9mm_P1.27mm",148.835000,-63.235000,90.000000,bottom
"U4_12","LMC6482","SOIC-8_3.9x4.9mm_P1.27mm",148.835000,-113.735000,90.000000,bottom
"U4_13","LMC6482","SOIC-8_3.9x4.9mm_P1.27mm",148.835000,-164.235000,90.000000,bottom
"U4_14","LMC6482","SOIC-8_3.9x4.9mm_P1.27mm",173.835000,-88.235000,90.000000,bottom
"U4_15","LMC6482","SOIC-8_3.9x4.9mm_P1.27mm",173.835000,-138.735000,90.000000,bottom
"U4_16","LMC6482","SOIC-8_3.9x4.9mm_P1.27mm",199.335000,-63.235000,90.000000,bottom
"U4_17","LMC6482","SOIC-8_3.9x4.9mm_P1.27mm",199.335000,-113.735000,90.000000,bottom
"U4_18","LMC6482","SOIC-8_3.9x4.9mm_P1.27mm",199.335000,-164.235000,90.000000,bottom
"U4_19","LMC6482","SOIC-8_3.9x4.9mm_P1.27mm",231.365000,-83.275000,-90.000000,bottom
"U4_20","LMC6482","SOIC-8_3.9x4.9mm_P1.27mm",224.335000,-138.735000,90.000000,bottom
"U36_1","NFL21SP106X1C3D","GCAP_NFL21SP106X1C3D_MUR",64.780000,-51.948700,-90.000000,bottom
"U36_2","NFL21SP106X1C3D","GCAP_NFL21SP106X1C3D_MUR",64.780000,-102.448700,-90.000000,bottom
"U36_3","NFL21SP106X1C3D","GCAP_NFL21SP106X1C3D_MUR",64.780000,-152.948700,-90.000000,bottom
"U36_4","NFL21SP106X1C3D","GCAP_NFL21SP106X1C3D_MUR",89.780000,-76.948700,-90.000000,bottom
"U36_5","NFL21SP106X1C3D","GCAP_NFL21SP106X1C3D_MUR",89.780000,-127.448700,-90.000000,bottom
"U36_6","NFL21SP106X1C3D","GCAP_NFL21SP106X1C3D_MUR",115.280000,-51.948700,-90.000000,bottom
"U36_7","NFL21SP106X1C3D","GCAP_NFL21SP106X1C3D_MUR",115.280000,-102.448700,-90.000000,bottom
"U36_8","NFL21SP106X1C3D","GCAP_NFL21SP106X1C3D_MUR",115.280000,-152.948700,-90.000000,bottom
"U36_9","NFL21SP106X1C3D","GCAP_NFL21SP106X1C3D_MUR",140.280000,-76.948700,-90.000000,bottom
"U36_10","NFL21SP106X1C3D","GCAP_NFL21SP106X1C3D_MUR",140.280000,-127.448700,-90.000000,bottom
"U36_11","NFL21SP106X1C3D","GCAP_NFL21SP106X1C3D_MUR",165.780000,-51.948700,-90.000000,bottom
"U36_12","NFL21SP106X1C3D","GCAP_NFL21SP106X1C3D_MUR",165.780000,-102.448700,-90.000000,bottom
"U36_13","NFL21SP106X1C3D","GCAP_NFL21SP106X1C3D_MUR",165.780000,-152.948700,-90.000000,bottom
"U36_14","NFL21SP106X1C3D","GCAP_NFL21SP106X1C3D_MUR",190.780000,-76.948700,-90.000000,bottom
"U36_15","NFL21SP106X1C3D","GCAP_NFL21SP106X1C3D_MUR",190.780000,-127.448700,-90.000000,bottom
"U36_16","NFL21SP106X1C3D","GCAP_NFL21SP106X1C3D_MUR",216.280000,-51.958700,-90.000000,bottom
"U36_17","NFL21SP106X1C3D","GCAP_NFL21SP106X1C3D_MUR",216.280000,-102.448700,-90.000000,bottom
"U36_18","NFL21SP106X1C3D","GCAP_NFL21SP106X1C3D_MUR",216.280000,-152.948700,-90.000000,bottom
"U36_19","NFL21SP106X1C3D","GCAP_NFL21SP106X1C3D_MUR",241.280000,-76.948700,-90.000000,bottom
"U36_20","NFL21SP106X1C3D","GCAP_NFL21SP106X1C3D_MUR",241.280000,-127.448700,-90.000000,bottom
"U37_1","NFL21SP106X1C3D","GCAP_NFL21SP106X1C3D_MUR",64.860000,-61.648700,-90.000000,bottom
"U37_2","NFL21SP106X1C3D","GCAP_NFL21SP106X1C3D_MUR",64.860000,-112.148700,-90.000000,bottom
"U37_3","NFL21SP106X1C3D","GCAP_NFL21SP106X1C3D_MUR",64.860000,-162.648700,-90.000000,bottom
"U37_4","NFL21SP106X1C3D","GCAP_NFL21SP106X1C3D_MUR",89.860000,-86.648700,-90.000000,bottom
"U37_5","NFL21SP106X1C3D","GCAP_NFL21SP106X1C3D_MUR",89.862300,-137.150000,-90.000000,bottom
"U37_6","NFL21SP106X1C3D","GCAP_NFL21SP106X1C3D_MUR",115.360000,-61.648700,-90.000000,bottom
"U37_7","NFL21SP106X1C3D","GCAP_NFL21SP106X1C3D_MUR",115.360000,-112.148700,-90.000000,bottom
"U37_8","NFL21SP106X1C3D","GCAP_NFL21SP106X1C3D_MUR",115.360000,-162.648700,-90.000000,bottom
"U37_9","NFL21SP106X1C3D","GCAP_NFL21SP106X1C3D_MUR",140.360000,-86.648700,-90.000000,bottom
"U37_10","NFL21SP106X1C3D","GCAP_NFL21SP106X1C3D_MUR",140.360000,-137.148700,-90.000000,bottom
"U37_11","NFL21SP106X1C3D","GCAP_NFL21SP106X1C3D_MUR",165.860000,-61.648700,-90.000000,bottom
"U37_12","NFL21SP106X1C3D","GCAP_NFL21SP106X1C3D_MUR",165.860000,-112.148700,-90.000000,bottom
"U37_13","NFL21SP106X1C3D","GCAP_NFL21SP106X1C3D_MUR",165.860000,-162.648700,-90.000000,bottom
"U37_14","NFL21SP106X1C3D","GCAP_NFL21SP106X1C3D_MUR",190.862300,-86.650000,-90.000000,bottom
"U37_15","NFL21SP106X1C3D","GCAP_NFL21SP106X1C3D_MUR",190.860000,-137.148700,-90.000000,bottom
"U37_16","NFL21SP106X1C3D","GCAP_NFL21SP106X1C3D_MUR",216.360000,-61.638700,-90.000000,bottom
"U37_17","NFL21SP106X1C3D","GCAP_NFL21SP106X1C3D_MUR",216.360000,-112.148700,-90.000000,bottom
"U37_18","NFL21SP106X1C3D","GCAP_NFL21SP106X1C3D_MUR",216.360000,-162.648700,-90.000000,bottom
"U37_19","NFL21SP106X1C3D","GCAP_NFL21SP106X1C3D_MUR",241.360000,-86.658700,-90.000000,bottom
"U37_20","NFL21SP106X1C3D","GCAP_NFL21SP106X1C3D_MUR",241.360000,-137.148700,-90.000000,bottom
"U38_1","NFL21SP106X1C3D","GCAP_NFL21SP106X1C3D_MUR",41.151300,-56.120000,180.000000,bottom
"U38_2","NFL21SP106X1C3D","GCAP_NFL21SP106X1C3D_MUR",41.151300,-106.620000,180.000000,bottom
"U38_3","NFL21SP106X1C3D","GCAP_NFL21SP106X1C3D_MUR",41.148700,-157.120000,180.000000,bottom
"U38_4","NFL21SP106X1C3D","GCAP_NFL21SP106X1C3D_MUR",66.151300,-81.120000,180.000000,bottom
"U38_5","NFL21SP106X1C3D","GCAP_NFL21SP106X1C3D_MUR",66.150000,-131.617700,180.000000,bottom
"U38_6","NFL21SP106X1C3D","GCAP_NFL21SP106X1C3D_MUR",91.650000,-56.127700,180.000000,bottom
"U38_7","NFL21SP106X1C3D","GCAP_NFL21SP106X1C3D_MUR",91.650000,-106.622300,180.000000,bottom
"U38_8","NFL21SP106X1C3D","GCAP_NFL21SP106X1C3D_MUR",91.651300,-157.120000,180.000000,bottom
"U38_9","NFL21SP106X1C3D","GCAP_NFL21SP106X1C3D_MUR",116.650000,-81.122300,180.000000,bottom
"U38_10","NFL21SP106X1C3D","GCAP_NFL21SP106X1C3D_MUR",116.650000,-131.617700,180.000000,bottom
"U38_11","NFL21SP106X1C3D","GCAP_NFL21SP106X1C3D_MUR",142.150000,-56.127700,180.000000,bottom
"U38_12","NFL21SP106X1C3D","GCAP_NFL21SP106X1C3D_MUR",142.150000,-106.622300,180.000000,bottom
"U38_13","NFL21SP106X1C3D","GCAP_NFL21SP106X1C3D_MUR",142.150000,-157.122300,180.000000,bottom
"U38_14","NFL21SP106X1C3D","GCAP_NFL21SP106X1C3D_MUR",167.150000,-81.122300,180.000000,bottom
"U38_15","NFL21SP106X1C3D","GCAP_NFL21SP106X1C3D_MUR",167.150000,-131.617700,180.000000,bottom
"U38_16","NFL21SP106X1C3D","GCAP_NFL21SP106X1C3D_MUR",192.651300,-56.130000,180.000000,bottom
"U38_17","NFL21SP106X1C3D","GCAP_NFL21SP106X1C3D_MUR",192.651300,-106.620000,180.000000,bottom
"U38_18","NFL21SP106X1C3D","GCAP_NFL21SP106X1C3D_MUR",192.651300,-157.122300,180.000000,bottom
"U38_19","NFL21SP106X1C3D","GCAP_NFL21SP106X1C3D_MUR",217.650000,-81.122300,180.000000,bottom
"U38_20","NFL21SP106X1C3D","GCAP_NFL21SP106X1C3D_MUR",217.651300,-131.620000,180.000000,bottom
"U39_1","NFL21SP106X1C3D","GCAP_NFL21SP106X1C3D_MUR",33.330000,-59.440100,180.000000,bottom
"U39_2","NFL21SP106X1C3D","GCAP_NFL21SP106X1C3D_MUR",33.331300,-109.940000,180.000000,bottom
"U39_3","NFL21SP106X1C3D","GCAP_NFL21SP106X1C3D_MUR",33.331300,-160.440000,180.000000,bottom
"U39_4","NFL21SP106X1C3D","GCAP_NFL21SP106X1C3D_MUR",58.330000,-84.440100,180.000000,bottom
"U39_5","NFL21SP106X1C3D","GCAP_NFL21SP106X1C3D_MUR",58.331300,-134.940000,180.000000,bottom
"U39_6","NFL21SP106X1C3D","GCAP_NFL21SP106X1C3D_MUR",83.841300,-59.410000,180.000000,bottom
"U39_7","NFL21SP106X1C3D","GCAP_NFL21SP106X1C3D_MUR",83.831300,-109.940000,180.000000,bottom
"U39_8","NFL21SP106X1C3D","GCAP_NFL21SP106X1C3D_MUR",83.831300,-160.440000,180.000000,bottom
"U39_9","NFL21SP106X1C3D","GCAP_NFL21SP106X1C3D_MUR",108.831300,-84.440000,180.000000,bottom
"U39_10","NFL21SP106X1C3D","GCAP_NFL21SP106X1C3D_MUR",108.828700,-134.942300,180.000000,bottom
"U39_11","NFL21SP106X1C3D","GCAP_NFL21SP106X1C3D_MUR",134.351300,-59.410000,180.000000,bottom
"U39_12","NFL21SP106X1C3D","GCAP_NFL21SP106X1C3D_MUR",134.330000,-109.937700,180.000000,bottom
"U39_13","NFL21SP106X1C3D","GCAP_NFL21SP106X1C3D_MUR",134.330000,-160.442300,180.000000,bottom
"U39_14","NFL21SP106X1C3D","GCAP_NFL21SP106X1C3D_MUR",159.328700,-84.440000,180.000000,bottom
"U39_15","NFL21SP106X1C3D","GCAP_NFL21SP106X1C3D_MUR",159.331300,-134.940000,180.000000,bottom
"U39_16","NFL21SP106X1C3D","GCAP_NFL21SP106X1C3D_MUR",184.851300,-59.410000,180.000000,bottom
"U39_17","NFL21SP106X1C3D","GCAP_NFL21SP106X1C3D_MUR",184.830000,-109.937700,180.000000,bottom
"U39_18","NFL21SP106X1C3D","GCAP_NFL21SP106X1C3D_MUR",184.830000,-160.442300,180.000000,bottom
"U39_19","NFL21SP106X1C3D","GCAP_NFL21SP106X1C3D_MUR",209.830000,-84.440000,180.000000,bottom
"U39_20","NFL21SP106X1C3D","GCAP_NFL21SP106X1C3D_MUR",209.831300,-134.940000,180.000000,bottom
"U40_1","NFL21SP106X1C3D","GCAP_NFL21SP106X1C3D_MUR",33.330000,-66.875700,180.000000,bottom
"U40_2","NFL21SP106X1C3D","GCAP_NFL21SP106X1C3D_MUR",33.331300,-117.370000,180.000000,bottom
"U40_3","NFL21SP106X1C3D","GCAP_NFL21SP106X1C3D_MUR",33.331300,-167.870000,180.000000,bottom
"U40_4","NFL21SP106X1C3D","GCAP_NFL21SP106X1C3D_MUR",58.331300,-91.880000,180.000000,bottom
"U40_5","NFL21SP106X1C3D","GCAP_NFL21SP106X1C3D_MUR",58.331300,-142.370000,180.000000,bottom
"U40_6","NFL21SP106X1C3D","GCAP_NFL21SP106X1C3D_MUR",83.831300,-66.880000,180.000000,bottom
"U40_7","NFL21SP106X1C3D","GCAP_NFL21SP106X1C3D_MUR",83.831300,-117.370000,180.000000,bottom
"U40_8","NFL21SP106X1C3D","GCAP_NFL21SP106X1C3D_MUR",83.831300,-167.870000,180.000000,bottom
"U40_9","NFL21SP106X1C3D","GCAP_NFL21SP106X1C3D_MUR",108.831300,-91.880000,180.000000,bottom
"U40_10","NFL21SP106X1C3D","GCAP_NFL21SP106X1C3D_MUR",108.831300,-142.370000,180.000000,bottom
"U40_11","NFL21SP106X1C3D","GCAP_NFL21SP106X1C3D_MUR",134.331300,-66.880000,180.000000,bottom
"U40_12","NFL21SP106X1C3D","GCAP_NFL21SP106X1C3D_MUR",134.330000,-117.367700,180.000000,bottom
"U40_13","NFL21SP106X1C3D","GCAP_NFL21SP106X1C3D_MUR",134.331300,-167.870000,180.000000,bottom
"U40_14","NFL21SP106X1C3D","GCAP_NFL21SP106X1C3D_MUR",159.330000,-91.882300,180.000000,bottom
"U40_15","NFL21SP106X1C3D","GCAP_NFL21SP106X1C3D_MUR",159.330000,-142.372300,180.000000,bottom
"U40_16","NFL21SP106X1C3D","GCAP_NFL21SP106X1C3D_MUR",184.831300,-66.880000,180.000000,bottom
"U40_17","NFL21SP106X1C3D","GCAP_NFL21SP106X1C3D_MUR",184.830000,-117.367700,180.000000,bottom
"U40_18","NFL21SP106X1C3D","GCAP_NFL21SP106X1C3D_MUR",184.831300,-167.870000,180.000000,bottom
"U40_19","NFL21SP106X1C3D","GCAP_NFL21SP106X1C3D_MUR",209.830000,-91.877700,180.000000,bottom
"U40_20","NFL21SP106X1C3D","GCAP_NFL21SP106X1C3D_MUR",209.830000,-142.372300,180.000000,bottom
"U44","LP5907MFX-4.5/NOPB","DBV0005A_L",226.475000,-29.710000,180.000000,bottom
